company,address,building,floor,room,city,country,lat,long
"TPMC, LDA.",Avenida Arriaga 30,,1,A,9000-064 Funchal,Portugal,32.6478225,-16.9107059
"MADEIRA FIDÚCIA MANAGEMENT, LDA.",Avenida Arriaga 73,,1,105,9000-060 Funchal,Portugal,32.6468369,-16.9123991
"M.L.G.T. MADEIRA MANAGEMENT & INVESTMENT, S.A.",Avenida Arriaga 73,Edf. Marina Club,1,113,9000-060 Funchal,Portugal,32.6468369,-16.9123991
"MADEIRA CORPORATE SERVICES, S.A.",Avenida Arriaga 77,Edf. Marina Forum,6,605,9000-060 Funchal,Portugal,32.6468369,-16.9123991
"IGMASA GESTIÓ – MANAGEMENT COMPANY – SERVIÇOS E GESTÃO, LDA.",Rua 31 de Janeiro 12E,,6,X,9050-011 Funchal,Portugal,32.648727,-16.9061888
"STATUS PERMANENTE II MANAGEMENT SERVICES, LDA.",Rua da Alfândega 10,,10,B,9000-059 Funchal,Portugal,32.6472302,-16.9091861
"BBRIDGES - BUSINESS SERVICES, LDA.",Rua da Alfândega 78,,3,,9000-059 Funchal,Portugal,32.6477128,-16.9071753
"DIKE MADEIRA - SERVIÇOS DE CONSULTADORIA INTERNACIONAL, COMERCIAL E CONTABILIDADE, LDA.",Rua da Carreira 115-117,,,,9050-017 Funchal,Portugal,32.6487396,-16.9120586
"ECCO – EFFICIENT CONSULTING CORPORATION, LDA.",Rua da Queimada de cima 28,,3,P,9000-065 Funchal,Portugal,32.6489197,-16.908408
"MOONSTONE MANAGEMENT, LDA.",Rua das Dificuldades 11,,R/C,,9050-015 Funchal,Portugal,32.6528203,-16.9097672
"CHEETAH MANAGEMENT SERVICES, SOCIEDADE UNIPESSOAL, LDA.",Rua das Hortas 1,Edf. do Carmo,5,500,9050-024 Funchal,Portugal,32.6515855,-16.906118
"CONNECT MIND – MADEIRA MANAGEMENT, LDA.",Rua Direita 35,,3,"A, B",9050-450 Funchal,Portugal,32.6487411,-16.9058934
"ARKAI MADEIRA, LDA.",Rua do Esmeraldo 47,,3,,9000-051 Funchal,Portugal,32.6484773,-16.9069621
"BOATRUST MANAGEMENT, LDA.",Rua do Pina 4,,,B,9050-067 Funchal,Portugal,32.6546289,-16.9053962
"UNITED MANAGEMENT - CONSULTORIA FISCAL, LDA.",Rua dos Aranhas 53,,3,H,9000-044 Funchal,Portugal,32.6484073,-16.9134325
"DIXCART MANAGEMENT (MADEIRA), LDA.",Rua dos Ilhéus 6,,,,9000-176 Funchal,Portugal,32.6458983,-16.9200804
"MADEIRA MANAGEMENT CO., LDA.",Rua dos Murças 15,,1,,9000-058 Funchal,Portugal,32.6476751,-16.9090774
"INTERUNION – SERVIÇOS INTERNACIONAIS, LDA.","Rua dos Murças, 15",,3,L,9000-058 Funchal,Portugal,32.6476751,-16.9090774
NEWCO CORPORATE SERVICES,Rua Dr. Brito Câmara 20,,,,9000-039 Funchal,Portugal,32.6475993,-16.9149931
"MAD.INTAX – MADEIRA ADVICE FOR INTERNATIONAL STRUCTURING, LDA..",Rua Ivens 3,Edf. Dona Mécia,6,,9000-046 Funchal,Portugal,32.6477592,-16.9127101
"INTERABACUS (MADEIRA) - CONSULTORIA E SERVIÇOS ADMINISTRATIVOS, LDA.",Rua Princesa Dona Maria Amélia 10,Edf. Vigia Mar,R/C,B,9000-019 Funchal,Portugal,32.642673,-16.9181269